Username,Vorname,Nachname,Rolle,Qualifikationen,Passwort ändern
maxmueller,Max,Müller,member,TM;AGT;Sprechfunker,Ja
annaschmidt,Anna,Schmidt,member,TM;Maschinist,Ja
felixmeier,Felix,Meier,member,TM;AGT;GF,Ja
lauraschulz,Laura,Schulz,member,TM;Sprechfunker,Ja
uwefischer,Uwe,Fischer,member,TM;AGT;Maschinist;San,Ja
marcoweber,Marco,Weber,member,TM;Sprechfunker,Ja
sebastianwagner,Sebastian,Wagner,member,TM;AGT,Ja
lisabecker,Lisa,Becker,member,TM;San,Ja
markushoffmann,Markus,Hoffmann,member,TM;Maschinist,Ja
ninakeller,Nina,Keller,member,TM;Sprechfunker;San,Ja
timokoenig,Timo,König,member,TM;AGT,Ja
kevinkrause,Kevin,Krause,member,TM,Ja
juliabrandt,Julia,Brandt,member,TM;Sprechfunker,Ja
tomjaeger,Tom,Jäger,member,TM;AGT;Maschinist,Ja
sarahvogel,Sarah,Vogel,member,TM;San,Ja
jonasberg,Jonas,Berg,member,TM;Sprechfunker,Ja
miriamarnold,Miriam,Arnold,member,TM;AGT,Ja
kailorenz,Kai,Lorenz,member,TM;Maschinist,Ja
svenroth,Sven,Roth,member,TM;AGT;Sprechfunker,Ja
leapohl,Lea,Pohl,member,TM;San,Ja
maxschmidt,Max,Schmidt,member,TM;AGT,Ja
annamueller,Anna,Müller,member,TM;Sprechfunker;San,Ja
felixfischer,Felix,Fischer,member,TM;Maschinist,Ja
lauraweber,Laura,Weber,member,TM;AGT;Sprechfunker,Ja
uwemeier,Uwe,Meier,member,TM;GF,Ja
marcoschmidt,Marco,Schmidt,member,TM;AGT,Ja
sebastianmueller,Sebastian,Müller,member,TM;Sprechfunker,Ja
lisaschmidt,Lisa,Schmidt,member,TM;San,Ja
markusmeier,Markus,Meier,member,TM;AGT;Maschinist,Ja
ninaschmidt,Nina,Schmidt,member,TM;Sprechfunker,Ja
timowagner,Timo,Wagner,member,TM,Ja
kevinfischer,Kevin,Fischer,member,TM;AGT,Ja
juliameier,Julia,Meier,member,TM;Sprechfunker;San,Ja
tommueller,Tom,Müller,member,TM;Maschinist,Ja
sarahschmidt,Sarah,Schmidt,member,TM;AGT,Ja
jonasweber,Jonas,Weber,member,TM;Sprechfunker,Ja
miriammeier,Miriam,Meier,member,TM;San,Ja
kaischmidt,Kai,Schmidt,member,TM;AGT;Maschinist,Ja
svenfischer,Sven,Fischer,member,TM;Sprechfunker,Ja
leamueller,Lea,Müller,member,TM;AGT;San,Ja
maxweber,Max,Weber,member,TM,Ja
annafischer,Anna,Fischer,member,TM;Sprechfunker,Ja
felixschmidt,Felix,Schmidt,member,TM;AGT;Maschinist,Ja
laurameier,Laura,Meier,member,TM;San,Ja
uwewagner,Uwe,Wagner,member,TM;AGT,Ja
marcomeier,Marco,Meier,member,TM;Sprechfunker;GF,Ja
sebastianfischer,Sebastian,Fischer,member,TM;Maschinist,Ja
lisamueller,Lisa,Müller,member,TM;AGT,Ja
markusweber,Markus,Weber,member,TM;Sprechfunker;San,Ja
ninafischer,Nina,Fischer,member,TM,Ja
timoschmidt,Timo,Schmidt,member,TM;AGT,Ja
kevinmeier,Kevin,Meier,member,TM;Maschinist,Ja
juliaweber,Julia,Weber,member,TM;Sprechfunker,Ja
tomschmidt,Tom,Schmidt,member,TM;AGT;San,Ja
sarahfischer,Sarah,Fischer,member,TM,Ja
jonasmeier,Jonas,Meier,member,TM;Sprechfunker,Ja
miriamschmidt,Miriam,Schmidt,member,TM;AGT;Maschinist,Ja
kaiweber,Kai,Weber,member,TM;San,Ja
svenmeier,Sven,Meier,member,TM;AGT,Ja
leaschmidt,Lea,Schmidt,member,TM;Sprechfunker;GF,Ja
maxfischer,Max,Fischer,member,TM;Maschinist,Ja
annaweber,Anna,Weber,member,TM;AGT;San,Ja
felixwagner,Felix,Wagner,member,TM,Ja
laurafischer,Laura,Fischer,member,TM;Sprechfunker,Ja
uweschmidt,Uwe,Schmidt,member,TM;AGT;Maschinist,Ja
marcowagner,Marco,Wagner,member,TM;San,Ja
sebastianweber,Sebastian,Weber,member,TM;AGT,Ja
lisafischer,Lisa,Fischer,member,TM;Sprechfunker;Maschinist,Ja
markusfischer,Markus,Fischer,member,TM;GF,Ja
ninaweber,Nina,Weber,member,TM;AGT;San,Ja
timofischer,Timo,Fischer,member,TM,Ja
kevinweber,Kevin,Weber,member,TM;Sprechfunker,Ja
juliafischer,Julia,Fischer,member,TM;AGT;Maschinist,Ja
tomweber,Tom,Weber,member,TM;San,Ja
sarahwagner,Sarah,Wagner,member,TM;AGT,Ja
jonasfischer,Jonas,Fischer,member,TM;Sprechfunker,Ja
miriamfischer,Miriam,Fischer,member,TM;Maschinist,Ja
